,date,new_cases,new_deaths,new_tests,year,day,weekdays,month,total_tests,total_deaths,total_cases,location,continent,population,life_expectancy,hospital_beds_per_thousand,gdp_per_capita,cases_per_million
0,2019-12-31,0.0,0.0,,2019,31,1,12,,0.0,0.0,Italy,Europe,60461828.0,83.51,3.18,35220.084,0.0
1,2020-01-01,0.0,0.0,,2020,1,2,1,,0.0,0.0,Italy,Europe,60461828.0,83.51,3.18,35220.084,0.0
2,2020-01-02,0.0,0.0,,2020,2,3,1,,0.0,0.0,Italy,Europe,60461828.0,83.51,3.18,35220.084,0.0
3,2020-01-03,0.0,0.0,,2020,3,4,1,,0.0,0.0,Italy,Europe,60461828.0,83.51,3.18,35220.084,0.0
4,2020-01-04,0.0,0.0,,2020,4,5,1,,0.0,0.0,Italy,Europe,60461828.0,83.51,3.18,35220.084,0.0
5,2020-01-05,0.0,0.0,,2020,5,6,1,,0.0,0.0,Italy,Europe,60461828.0,83.51,3.18,35220.084,0.0
6,2020-01-06,0.0,0.0,,2020,6,0,1,,0.0,0.0,Italy,Europe,60461828.0,83.51,3.18,35220.084,0.0
7,2020-01-07,0.0,0.0,,2020,7,1,1,,0.0,0.0,Italy,Europe,60461828.0,83.51,3.18,35220.084,0.0
8,2020-01-08,0.0,0.0,,2020,8,2,1,,0.0,0.0,Italy,Europe,60461828.0,83.51,3.18,35220.084,0.0
9,2020-01-09,0.0,0.0,,2020,9,3,1,,0.0,0.0,Italy,Europe,60461828.0,83.51,3.18,35220.084,0.0
10,2020-01-10,0.0,0.0,,2020,10,4,1,,0.0,0.0,Italy,Europe,60461828.0,83.51,3.18,35220.084,0.0
11,2020-01-11,0.0,0.0,,2020,11,5,1,,0.0,0.0,Italy,Europe,60461828.0,83.51,3.18,35220.084,0.0
12,2020-01-12,0.0,0.0,,2020,12,6,1,,0.0,0.0,Italy,Europe,60461828.0,83.51,3.18,35220.084,0.0
13,2020-01-13,0.0,0.0,,2020,13,0,1,,0.0,0.0,Italy,Europe,60461828.0,83.51,3.18,35220.084,0.0
14,2020-01-14,0.0,0.0,,2020,14,1,1,,0.0,0.0,Italy,Europe,60461828.0,83.51,3.18,35220.084,0.0
15,2020-01-15,0.0,0.0,,2020,15,2,1,,0.0,0.0,Italy,Europe,60461828.0,83.51,3.18,35220.084,0.0
16,2020-01-16,0.0,0.0,,2020,16,3,1,,0.0,0.0,Italy,Europe,60461828.0,83.51,3.18,35220.084,0.0
17,2020-01-17,0.0,0.0,,2020,17,4,1,,0.0,0.0,Italy,Europe,60461828.0,83.51,3.18,35220.084,0.0
18,2020-01-18,0.0,0.0,,2020,18,5,1,,0.0,0.0,Italy,Europe,60461828.0,83.51,3.18,35220.084,0.0
19,2020-01-19,0.0,0.0,,2020,19,6,1,,0.0,0.0,Italy,Europe,60461828.0,83.51,3.18,35220.084,0.0
20,2020-01-20,0.0,0.0,,2020,20,0,1,,0.0,0.0,Italy,Europe,60461828.0,83.51,3.18,35220.084,0.0
21,2020-01-21,0.0,0.0,,2020,21,1,1,,0.0,0.0,Italy,Europe,60461828.0,83.51,3.18,35220.084,0.0
22,2020-01-22,0.0,0.0,,2020,22,2,1,,0.0,0.0,Italy,Europe,60461828.0,83.51,3.18,35220.084,0.0
23,2020-01-23,0.0,0.0,,2020,23,3,1,,0.0,0.0,Italy,Europe,60461828.0,83.51,3.18,35220.084,0.0
24,2020-01-24,0.0,0.0,,2020,24,4,1,,0.0,0.0,Italy,Europe,60461828.0,83.51,3.18,35220.084,0.0
25,2020-01-25,0.0,0.0,,2020,25,5,1,,0.0,0.0,Italy,Europe,60461828.0,83.51,3.18,35220.084,0.0
26,2020-01-26,0.0,0.0,,2020,26,6,1,,0.0,0.0,Italy,Europe,60461828.0,83.51,3.18,35220.084,0.0
27,2020-01-27,0.0,0.0,,2020,27,0,1,,0.0,0.0,Italy,Europe,60461828.0,83.51,3.18,35220.084,0.0
28,2020-01-28,0.0,0.0,,2020,28,1,1,,0.0,0.0,Italy,Europe,60461828.0,83.51,3.18,35220.084,0.0
29,2020-01-29,0.0,0.0,,2020,29,2,1,,0.0,0.0,Italy,Europe,60461828.0,83.51,3.18,35220.084,0.0
30,2020-01-30,0.0,0.0,,2020,30,3,1,,0.0,0.0,Italy,Europe,60461828.0,83.51,3.18,35220.084,0.0
31,2020-01-31,3.0,0.0,,2020,31,4,1,,0.0,3.0,Italy,Europe,60461828.0,83.51,3.18,35220.084,0.04961808299940915
32,2020-02-01,0.0,0.0,,2020,1,5,2,,0.0,3.0,Italy,Europe,60461828.0,83.51,3.18,35220.084,0.04961808299940915
33,2020-02-02,0.0,0.0,,2020,2,6,2,,0.0,3.0,Italy,Europe,60461828.0,83.51,3.18,35220.084,0.04961808299940915
34,2020-02-03,0.0,0.0,,2020,3,0,2,,0.0,3.0,Italy,Europe,60461828.0,83.51,3.18,35220.084,0.04961808299940915
35,2020-02-04,0.0,0.0,,2020,4,1,2,,0.0,3.0,Italy,Europe,60461828.0,83.51,3.18,35220.084,0.04961808299940915
36,2020-02-05,0.0,0.0,,2020,5,2,2,,0.0,3.0,Italy,Europe,60461828.0,83.51,3.18,35220.084,0.04961808299940915
37,2020-02-06,0.0,0.0,,2020,6,3,2,,0.0,3.0,Italy,Europe,60461828.0,83.51,3.18,35220.084,0.04961808299940915
38,2020-02-07,0.0,0.0,,2020,7,4,2,,0.0,3.0,Italy,Europe,60461828.0,83.51,3.18,35220.084,0.04961808299940915
39,2020-02-08,0.0,0.0,,2020,8,5,2,,0.0,3.0,Italy,Europe,60461828.0,83.51,3.18,35220.084,0.04961808299940915
40,2020-02-09,0.0,0.0,,2020,9,6,2,,0.0,3.0,Italy,Europe,60461828.0,83.51,3.18,35220.084,0.04961808299940915
41,2020-02-10,0.0,0.0,,2020,10,0,2,,0.0,3.0,Italy,Europe,60461828.0,83.51,3.18,35220.084,0.04961808299940915
42,2020-02-11,0.0,0.0,,2020,11,1,2,,0.0,3.0,Italy,Europe,60461828.0,83.51,3.18,35220.084,0.04961808299940915
43,2020-02-12,0.0,0.0,,2020,12,2,2,,0.0,3.0,Italy,Europe,60461828.0,83.51,3.18,35220.084,0.04961808299940915
44,2020-02-13,0.0,0.0,,2020,13,3,2,,0.0,3.0,Italy,Europe,60461828.0,83.51,3.18,35220.084,0.04961808299940915
45,2020-02-14,0.0,0.0,,2020,14,4,2,,0.0,3.0,Italy,Europe,60461828.0,83.51,3.18,35220.084,0.04961808299940915
46,2020-02-15,0.0,0.0,,2020,15,5,2,,0.0,3.0,Italy,Europe,60461828.0,83.51,3.18,35220.084,0.04961808299940915
47,2020-02-16,0.0,0.0,,2020,16,6,2,,0.0,3.0,Italy,Europe,60461828.0,83.51,3.18,35220.084,0.04961808299940915
48,2020-02-17,0.0,0.0,,2020,17,0,2,,0.0,3.0,Italy,Europe,60461828.0,83.51,3.18,35220.084,0.04961808299940915
49,2020-02-18,0.0,0.0,,2020,18,1,2,,0.0,3.0,Italy,Europe,60461828.0,83.51,3.18,35220.084,0.04961808299940915
50,2020-02-19,0.0,0.0,,2020,19,2,2,,0.0,3.0,Italy,Europe,60461828.0,83.51,3.18,35220.084,0.04961808299940915
51,2020-02-20,0.0,0.0,,2020,20,3,2,,0.0,3.0,Italy,Europe,60461828.0,83.51,3.18,35220.084,0.04961808299940915
52,2020-02-21,0.0,0.0,,2020,21,4,2,,0.0,3.0,Italy,Europe,60461828.0,83.51,3.18,35220.084,0.04961808299940915
53,2020-02-22,14.0,0.0,,2020,22,5,2,,0.0,17.0,Italy,Europe,60461828.0,83.51,3.18,35220.084,0.28116913699665186
54,2020-02-23,62.0,2.0,,2020,23,6,2,,2.0,79.0,Italy,Europe,60461828.0,83.51,3.18,35220.084,1.3066095189844409
55,2020-02-24,53.0,0.0,,2020,24,0,2,,2.0,132.0,Italy,Europe,60461828.0,83.51,3.18,35220.084,2.1831956519740023
56,2020-02-25,97.0,4.0,,2020,25,1,2,,6.0,229.0,Italy,Europe,60461828.0,83.51,3.18,35220.084,3.7875136689548983
57,2020-02-26,93.0,5.0,,2020,26,2,2,,11.0,322.0,Italy,Europe,60461828.0,83.51,3.18,35220.084,5.325674241936582
58,2020-02-27,78.0,1.0,,2020,27,3,2,,12.0,400.0,Italy,Europe,60461828.0,83.51,3.18,35220.084,6.61574439992122
59,2020-02-28,250.0,5.0,,2020,28,4,2,,17.0,650.0,Italy,Europe,60461828.0,83.51,3.18,35220.084,10.750584649871982
60,2020-02-29,238.0,4.0,,2020,29,5,2,,21.0,888.0,Italy,Europe,60461828.0,83.51,3.18,35220.084,14.686952567825108
61,2020-03-01,240.0,8.0,,2020,1,6,3,,29.0,1128.0,Italy,Europe,60461828.0,83.51,3.18,35220.084,18.656399207777838
62,2020-03-02,561.0,6.0,,2020,2,0,3,,35.0,1689.0,Italy,Europe,60461828.0,83.51,3.18,35220.084,27.93498072866735
63,2020-03-03,347.0,17.0,,2020,3,1,3,,52.0,2036.0,Italy,Europe,60461828.0,83.51,3.18,35220.084,33.67413899559901
64,2020-03-04,466.0,28.0,,2020,4,2,3,,80.0,2502.0,Italy,Europe,60461828.0,83.51,3.18,35220.084,41.38148122150723
65,2020-03-05,587.0,27.0,,2020,5,3,3,,107.0,3089.0,Italy,Europe,60461828.0,83.51,3.18,35220.084,51.09008612839162
66,2020-03-06,769.0,41.0,,2020,6,4,3,,148.0,3858.0,Italy,Europe,60461828.0,83.51,3.18,35220.084,63.80885473724016
67,2020-03-07,778.0,49.0,,2020,7,5,3,,197.0,4636.0,Italy,Europe,60461828.0,83.51,3.18,35220.084,76.67647759508694
68,2020-03-08,1247.0,36.0,,2020,8,6,3,,233.0,5883.0,Italy,Europe,60461828.0,83.51,3.18,35220.084,97.30106076184134
69,2020-03-09,1492.0,133.0,,2020,9,0,3,,366.0,7375.0,Italy,Europe,60461828.0,83.51,3.18,35220.084,121.97778737354749
70,2020-03-10,1797.0,98.0,,2020,10,1,3,,464.0,9172.0,Italy,Europe,60461828.0,83.51,3.18,35220.084,151.69901909019356
71,2020-03-11,977.0,167.0,,2020,11,2,3,,631.0,10149.0,Italy,Europe,60461828.0,83.51,3.18,35220.084,167.85797478700115
72,2020-03-12,2313.0,196.0,,2020,12,3,3,,827.0,12462.0,Italy,Europe,60461828.0,83.51,3.18,35220.084,206.1135167795456
73,2020-03-13,2651.0,189.0,,2020,13,4,3,,1016.0,15113.0,Italy,Europe,60461828.0,83.51,3.18,35220.084,249.95936279002348
74,2020-03-14,2547.0,252.0,,2020,14,5,3,,1268.0,17660.0,Italy,Europe,60461828.0,83.51,3.18,35220.084,292.0851152565219
75,2020-03-15,3497.0,173.0,,2020,15,6,3,,1441.0,21157.0,Italy,Europe,60461828.0,83.51,3.18,35220.084,349.9232606728331
76,2020-03-16,2823.0,370.0,,2020,16,0,3,,1811.0,23980.0,Italy,Europe,60461828.0,83.51,3.18,35220.084,396.6138767752771
77,2020-03-17,4000.0,347.0,,2020,17,1,3,,2158.0,27980.0,Italy,Europe,60461828.0,83.51,3.18,35220.084,462.7713207744893
78,2020-03-18,3526.0,347.0,,2020,18,2,3,,2505.0,31506.0,Italy,Europe,60461828.0,83.51,3.18,35220.084,521.0891076597949
79,2020-03-19,4207.0,473.0,,2020,19,3,3,,2978.0,35713.0,Italy,Europe,60461828.0,83.51,3.18,35220.084,590.6701993859663
80,2020-03-20,5322.0,429.0,,2020,20,4,3,,3407.0,41035.0,Italy,Europe,60461828.0,83.51,3.18,35220.084,678.6926786269181
81,2020-03-21,5986.0,625.0,,2020,21,5,3,,4032.0,47021.0,Italy,Europe,60461828.0,83.51,3.18,35220.084,777.6972935717392
82,2020-03-22,6557.0,795.0,,2020,22,6,3,,4827.0,53578.0,Italy,Europe,60461828.0,83.51,3.18,35220.084,886.1458836474478
83,2020-03-23,5560.0,649.0,,2020,23,0,3,,5476.0,59138.0,Italy,Europe,60461828.0,83.51,3.18,35220.084,978.1047308063527
84,2020-03-24,4789.0,601.0,,2020,24,1,3,,6077.0,63927.0,Italy,Europe,60461828.0,83.51,3.18,35220.084,1057.3117306344095
85,2020-03-25,5249.0,743.0,,2020,25,2,3,,6820.0,69176.0,Italy,Europe,60461828.0,83.51,3.18,35220.084,1144.1268365223757
86,2020-03-26,5210.0,685.0,,2020,26,3,3,,7505.0,74386.0,Italy,Europe,60461828.0,83.51,3.18,35220.084,1230.2969073313495
87,2020-03-27,6153.0,660.0,,2020,27,4,3,,8165.0,80539.0,Italy,Europe,60461828.0,83.51,3.18,35220.084,1332.0635955631378
88,2020-03-28,5959.0,971.0,,2020,28,5,3,,9136.0,86498.0,Italy,Europe,60461828.0,83.51,3.18,35220.084,1430.6216477609642
89,2020-03-29,5974.0,887.0,,2020,29,6,3,,10023.0,92472.0,Italy,Europe,60461828.0,83.51,3.18,35220.084,1529.4277903737875
90,2020-03-30,5217.0,758.0,,2020,30,0,3,,10781.0,97689.0,Italy,Europe,60461828.0,83.51,3.18,35220.084,1615.71363670976
91,2020-03-31,4050.0,810.0,,2020,31,1,3,,11591.0,101739.0,Italy,Europe,60461828.0,83.51,3.18,35220.084,1682.6980487589624
92,2020-04-01,4053.0,839.0,,2020,1,2,4,,12430.0,105792.0,Italy,Europe,60461828.0,83.51,3.18,35220.084,1749.7320788911643
93,2020-04-02,4782.0,727.0,,2020,2,3,4,,13157.0,110574.0,Italy,Europe,60461828.0,83.51,3.18,35220.084,1828.8233031922223
94,2020-04-03,4668.0,760.0,,2020,3,4,4,,13917.0,115242.0,Italy,Europe,60461828.0,83.51,3.18,35220.084,1906.029040339303
95,2020-04-04,4585.0,764.0,,2020,4,5,4,,14681.0,119827.0,Italy,Europe,60461828.0,83.51,3.18,35220.084,1981.8620105234
96,2020-04-05,4805.0,681.0,,2020,5,6,4,,15362.0,124632.0,Italy,Europe,60461828.0,83.51,3.18,35220.084,2061.3336401274537
97,2020-04-06,4316.0,527.0,,2020,6,0,4,,15889.0,128948.0,Italy,Europe,60461828.0,83.51,3.18,35220.084,2132.7175222026035
98,2020-04-07,3599.0,636.0,,2020,7,1,4,,16525.0,132547.0,Italy,Europe,60461828.0,83.51,3.18,35220.084,2192.242682440895
99,2020-04-08,3039.0,604.0,,2020,8,2,4,,17129.0,135586.0,Italy,Europe,60461828.0,83.51,3.18,35220.084,2242.5058005192964
100,2020-04-09,3836.0,540.0,,2020,9,3,4,,17669.0,139422.0,Italy,Europe,60461828.0,83.51,3.18,35220.084,2305.9507893145405
101,2020-04-10,4204.0,612.0,,2020,10,4,4,,18281.0,143626.0,Italy,Europe,60461828.0,83.51,3.18,35220.084,2375.482262957713
102,2020-04-11,3951.0,570.0,,2020,11,5,4,,18851.0,147577.0,Italy,Europe,60461828.0,83.51,3.18,35220.084,2440.8292782679346
103,2020-04-12,4694.0,619.0,,2020,12,6,4,,19470.0,152271.0,Italy,Europe,60461828.0,83.51,3.18,35220.084,2518.46503880101
104,2020-04-13,4092.0,431.0,,2020,13,0,4,,19901.0,156363.0,Italy,Europe,60461828.0,83.51,3.18,35220.084,2586.144104012204
105,2020-04-14,3153.0,564.0,,2020,14,1,4,,20465.0,159516.0,Italy,Europe,60461828.0,83.51,3.18,35220.084,2638.2927092445834
106,2020-04-15,2972.0,604.0,,2020,15,2,4,,21069.0,162488.0,Italy,Europe,60461828.0,83.51,3.18,35220.084,2687.447690135998
107,2020-04-16,2667.0,578.0,,2020,16,3,4,,21647.0,165155.0,Italy,Europe,60461828.0,83.51,3.18,35220.084,2731.5581659224727
108,2020-04-17,3786.0,525.0,,2020,17,4,4,,22172.0,168941.0,Italy,Europe,60461828.0,83.51,3.18,35220.084,2794.176186667727
109,2020-04-18,3493.0,575.0,,2020,18,5,4,,22747.0,172434.0,Italy,Europe,60461828.0,83.51,3.18,35220.084,2851.948174640039
110,2020-04-19,3491.0,480.0,,2020,19,6,4,,23227.0,175925.0,Italy,Europe,60461828.0,83.51,3.18,35220.084,2909.6870838903515
111,2020-04-20,3047.0,433.0,7841.0,2020,20,0,4,7841.0,23660.0,178972.0,Italy,Europe,60461828.0,83.51,3.18,35220.084,2960.082516856751
112,2020-04-21,2256.0,454.0,28095.0,2020,21,1,4,35936.0,24114.0,181228.0,Italy,Europe,60461828.0,83.51,3.18,35220.084,2997.395315272307
113,2020-04-22,2729.0,534.0,44248.0,2020,22,2,4,80184.0,24648.0,183957.0,Italy,Europe,60461828.0,83.51,3.18,35220.084,3042.5312314407697
114,2020-04-23,3370.0,437.0,37083.0,2020,23,3,4,117267.0,25085.0,187327.0,Italy,Europe,60461828.0,83.51,3.18,35220.084,3098.2688780101057
115,2020-04-24,2646.0,464.0,95273.0,2020,24,4,4,212540.0,25549.0,189973.0,Italy,Europe,60461828.0,83.51,3.18,35220.084,3142.0320272155845
116,2020-04-25,3021.0,420.0,38676.0,2020,25,5,4,251216.0,25969.0,192994.0,Italy,Europe,60461828.0,83.51,3.18,35220.084,3191.99743679599
117,2020-04-26,2357.0,415.0,24113.0,2020,26,6,4,275329.0,26384.0,195351.0,Italy,Europe,60461828.0,83.51,3.18,35220.084,3230.9807106725257
118,2020-04-27,2324.0,260.0,26678.0,2020,27,0,4,302007.0,26644.0,197675.0,Italy,Europe,60461828.0,83.51,3.18,35220.084,3269.418185636068
119,2020-04-28,1739.0,333.0,37554.0,2020,28,1,4,339561.0,26977.0,199414.0,Italy,Europe,60461828.0,83.51,3.18,35220.084,3298.180134414725
120,2020-04-29,2091.0,382.0,38589.0,2020,29,2,4,378150.0,27359.0,201505.0,Italy,Europe,60461828.0,83.51,3.18,35220.084,3332.7639382653133
121,2020-04-30,2086.0,323.0,41441.0,2020,30,3,4,419591.0,27682.0,203591.0,Italy,Europe,60461828.0,83.51,3.18,35220.084,3367.2650453109027
122,2020-05-01,1872.0,285.0,43732.0,2020,1,4,5,463323.0,27967.0,205463.0,Italy,Europe,60461828.0,83.51,3.18,35220.084,3398.226729102534
123,2020-05-02,1965.0,269.0,31231.0,2020,2,5,5,494554.0,28236.0,207428.0,Italy,Europe,60461828.0,83.51,3.18,35220.084,3430.726573467147
124,2020-05-03,1900.0,474.0,27047.0,2020,3,6,5,521601.0,28710.0,209328.0,Italy,Europe,60461828.0,83.51,3.18,35220.084,3462.151359366773
125,2020-05-04,1389.0,174.0,22999.0,2020,4,0,5,544600.0,28884.0,210717.0,Italy,Europe,60461828.0,83.51,3.18,35220.084,3485.124531795499
126,2020-05-05,1221.0,195.0,32211.0,2020,5,1,5,576811.0,29079.0,211938.0,Italy,Europe,60461828.0,83.51,3.18,35220.084,3505.319091576259
127,2020-05-06,1075.0,236.0,37771.0,2020,6,2,5,614582.0,29315.0,213013.0,Italy,Europe,60461828.0,83.51,3.18,35220.084,3523.0989046510467
128,2020-05-07,1444.0,369.0,13665.0,2020,7,3,5,628247.0,29684.0,214457.0,Italy,Europe,60461828.0,83.51,3.18,35220.084,3546.9817419347623
129,2020-05-08,1401.0,274.0,45428.0,2020,8,4,5,673675.0,29958.0,215858.0,Italy,Europe,60461828.0,83.51,3.18,35220.084,3570.1533866954865
130,2020-05-09,1327.0,243.0,36091.0,2020,9,5,5,709766.0,30201.0,217185.0,Italy,Europe,60461828.0,83.51,3.18,35220.084,3592.1011187422255
131,2020-05-10,1083.0,194.0,31384.0,2020,10,6,5,741150.0,30395.0,218268.0,Italy,Europe,60461828.0,83.51,3.18,35220.084,3610.013246705012
132,2020-05-11,802.0,165.0,25823.0,2020,11,0,5,766973.0,30560.0,219070.0,Italy,Europe,60461828.0,83.51,3.18,35220.084,3623.277814226854
133,2020-05-12,744.0,179.0,39620.0,2020,12,1,5,806593.0,30739.0,219814.0,Italy,Europe,60461828.0,83.51,3.18,35220.084,3635.5830988107073
134,2020-05-13,1402.0,172.0,37049.0,2020,13,2,5,843642.0,30911.0,221216.0,Italy,Europe,60461828.0,83.51,3.18,35220.084,3658.7712829324314
135,2020-05-14,888.0,195.0,41131.0,2020,14,3,5,884773.0,31106.0,222104.0,Italy,Europe,60461828.0,83.51,3.18,35220.084,3673.4582355002563
136,2020-05-15,992.0,262.0,39027.0,2020,15,4,5,923800.0,31368.0,223096.0,Italy,Europe,60461828.0,83.51,3.18,35220.084,3689.865281612061
137,2020-05-16,789.0,242.0,40657.0,2020,16,5,5,964457.0,31610.0,223885.0,Italy,Europe,60461828.0,83.51,3.18,35220.084,3702.9148374409056
138,2020-05-17,875.0,153.0,33505.0,2020,17,6,5,997962.0,31763.0,224760.0,Italy,Europe,60461828.0,83.51,3.18,35220.084,3717.3867783157334
139,2020-05-18,675.0,145.0,26101.0,2020,18,0,5,1024063.0,31908.0,225435.0,Italy,Europe,60461828.0,83.51,3.18,35220.084,3728.5508469906003
140,2020-05-19,451.0,99.0,40226.0,2020,19,1,5,1064289.0,32007.0,225886.0,Italy,Europe,60461828.0,83.51,3.18,35220.084,3736.0100988015115
141,2020-05-20,813.0,162.0,38617.0,2020,20,2,5,1102906.0,32169.0,226699.0,Italy,Europe,60461828.0,83.51,3.18,35220.084,3749.4565992943517
142,2020-05-21,665.0,161.0,40644.0,2020,21,3,5,1143550.0,32330.0,227364.0,Italy,Europe,60461828.0,83.51,3.18,35220.084,3760.4552743592203
143,2020-05-22,642.0,156.0,42987.0,2020,22,4,5,1186537.0,32486.0,228006.0,Italy,Europe,60461828.0,83.51,3.18,35220.084,3771.073544121094
144,2020-05-23,652.0,130.0,42579.0,2020,23,5,5,1229116.0,32616.0,228658.0,Italy,Europe,60461828.0,83.51,3.18,35220.084,3781.8572074929657
145,2020-05-24,669.0,119.0,34206.0,2020,24,6,5,1263322.0,32735.0,229327.0,Italy,Europe,60461828.0,83.51,3.18,35220.084,3792.922040001834
146,2020-05-25,531.0,50.0,20676.0,2020,25,0,5,1283998.0,32785.0,229858.0,Italy,Europe,60461828.0,83.51,3.18,35220.084,3801.7044406927293
147,2020-05-26,300.0,92.0,33944.0,2020,26,1,5,1317942.0,32877.0,230158.0,Italy,Europe,60461828.0,83.51,3.18,35220.084,3806.6662489926703
148,2020-05-27,397.0,78.0,37299.0,2020,27,2,5,1355241.0,32955.0,230555.0,Italy,Europe,60461828.0,83.51,3.18,35220.084,3813.232375309592
149,2020-05-28,584.0,117.0,39838.0,2020,28,3,5,1395079.0,33072.0,231139.0,Italy,Europe,60461828.0,83.51,3.18,35220.084,3822.891362133477
150,2020-05-29,593.0,70.0,38233.0,2020,29,4,5,1433312.0,33142.0,231732.0,Italy,Europe,60461828.0,83.51,3.18,35220.084,3832.6992032063604
151,2020-05-30,516.0,87.0,36051.0,2020,30,5,5,1469363.0,33229.0,232248.0,Italy,Europe,60461828.0,83.51,3.18,35220.084,3841.233513482259
152,2020-05-31,416.0,111.0,28948.0,2020,31,6,5,1498311.0,33340.0,232664.0,Italy,Europe,60461828.0,83.51,3.18,35220.084,3848.1138876581767
153,2020-06-01,355.0,75.0,18053.0,2020,1,0,6,1516364.0,33415.0,233019.0,Italy,Europe,60461828.0,83.51,3.18,35220.084,3853.9853608131066
154,2020-06-02,178.0,60.0,25628.0,2020,2,1,6,1541992.0,33475.0,233197.0,Italy,Europe,60461828.0,83.51,3.18,35220.084,3856.9293670710717
155,2020-06-03,318.0,55.0,20035.0,2020,3,2,6,1562027.0,33530.0,233515.0,Italy,Europe,60461828.0,83.51,3.18,35220.084,3862.1888838690093
156,2020-06-04,321.0,71.0,27451.0,2020,4,3,6,1589478.0,33601.0,233836.0,Italy,Europe,60461828.0,83.51,3.18,35220.084,3867.498018749946
157,2020-06-05,177.0,88.0,40470.0,2020,5,4,6,1629948.0,33689.0,234013.0,Italy,Europe,60461828.0,83.51,3.18,35220.084,3870.425485646911
158,2020-06-06,518.0,85.0,34036.0,2020,6,5,6,1663984.0,33774.0,234531.0,Italy,Europe,60461828.0,83.51,3.18,35220.084,3878.992874644809
159,2020-06-07,270.0,72.0,27894.0,2020,7,6,6,1691878.0,33846.0,234801.0,Italy,Europe,60461828.0,83.51,3.18,35220.084,3883.458502114756
160,2020-06-08,197.0,53.0,16301.0,2020,8,0,6,1708179.0,33899.0,234998.0,Italy,Europe,60461828.0,83.51,3.18,35220.084,3886.7167562317168
161,2020-06-09,280.0,65.0,32200.0,2020,9,1,6,1740379.0,33964.0,235278.0,Italy,Europe,60461828.0,83.51,3.18,35220.084,3891.347777311662
162,2020-06-10,283.0,79.0,37865.0,2020,10,2,6,1778244.0,34043.0,235561.0,Italy,Europe,60461828.0,83.51,3.18,35220.084,3896.0284164746063
163,2020-06-11,202.0,71.0,32991.0,2020,11,3,6,1811235.0,34114.0,235763.0,Italy,Europe,60461828.0,83.51,3.18,35220.084,3899.3693673965663
164,2020-06-12,379.0,53.0,37651.0,2020,12,4,6,1848886.0,34167.0,236142.0,Italy,Europe,60461828.0,83.51,3.18,35220.084,3905.6377852154915
165,2020-06-13,163.0,56.0,32880.0,2020,13,5,6,1881766.0,34223.0,236305.0,Italy,Europe,60461828.0,83.51,3.18,35220.084,3908.3337010584596
166,2020-06-14,346.0,78.0,29545.0,2020,14,6,6,1911311.0,34301.0,236651.0,Italy,Europe,60461828.0,83.51,3.18,35220.084,3914.0563199643916
167,2020-06-15,338.0,44.0,17463.0,2020,15,0,6,1928774.0,34345.0,236989.0,Italy,Europe,60461828.0,83.51,3.18,35220.084,3919.646623982325
168,2020-06-16,301.0,26.0,27762.0,2020,16,1,6,1956536.0,34371.0,237290.0,Italy,Europe,60461828.0,83.51,3.18,35220.084,3924.624971643266
169,2020-06-17,210.0,34.0,33957.0,2020,17,2,6,1990493.0,34405.0,237500.0,Italy,Europe,60461828.0,83.51,3.18,35220.084,3928.098237453224
170,2020-06-18,328.0,43.0,32921.0,2020,18,3,6,2023414.0,34448.0,237828.0,Italy,Europe,60461828.0,83.51,3.18,35220.084,3933.5231478611595
171,2020-06-19,331.0,66.0,28570.0,2020,19,4,6,2051984.0,34514.0,238159.0,Italy,Europe,60461828.0,83.51,3.18,35220.084,3938.9976763520945
172,2020-06-20,-148.0,47.0,29875.0,2020,20,5,6,2081859.0,34561.0,238011.0,Italy,Europe,60461828.0,83.51,3.18,35220.084,3936.5498509241233
173,2020-06-21,264.0,49.0,24581.0,2020,21,6,6,2106440.0,34610.0,238275.0,Italy,Europe,60461828.0,83.51,3.18,35220.084,3940.9162422280715
174,2020-06-22,224.0,24.0,16152.0,2020,22,0,6,2122592.0,34634.0,238499.0,Italy,Europe,60461828.0,83.51,3.18,35220.084,3944.6210590920273
175,2020-06-23,221.0,23.0,23225.0,2020,23,1,6,2145817.0,34657.0,238720.0,Italy,Europe,60461828.0,83.51,3.18,35220.084,3948.276257872984
176,2020-06-24,113.0,18.0,30237.0,2020,24,2,6,2176054.0,34675.0,238833.0,Italy,Europe,60461828.0,83.51,3.18,35220.084,3950.145205665962
177,2020-06-25,577.0,-31.0,29421.0,2020,25,3,6,2205475.0,34644.0,239410.0,Italy,Europe,60461828.0,83.51,3.18,35220.084,3959.688416962848
178,2020-06-26,296.0,34.0,28331.0,2020,26,4,6,2233806.0,34678.0,239706.0,Italy,Europe,60461828.0,83.51,3.18,35220.084,3964.5840678187897
179,2020-06-27,255.0,30.0,29721.0,2020,27,5,6,2263527.0,34708.0,239961.0,Italy,Europe,60461828.0,83.51,3.18,35220.084,3968.8016048737395
180,2020-06-28,175.0,8.0,21183.0,2020,28,6,6,2284710.0,34716.0,240136.0,Italy,Europe,60461828.0,83.51,3.18,35220.084,3971.695993048705
181,2020-06-29,174.0,22.0,15484.0,2020,29,0,6,2300194.0,34738.0,240310.0,Italy,Europe,60461828.0,83.51,3.18,35220.084,3974.5738418626706
182,2020-06-30,126.0,6.0,28471.0,2020,30,1,6,2328665.0,34744.0,240436.0,Italy,Europe,60461828.0,83.51,3.18,35220.084,3976.657801348646
183,2020-07-01,142.0,23.0,29325.0,2020,1,2,7,2357990.0,34767.0,240578.0,Italy,Europe,60461828.0,83.51,3.18,35220.084,3979.006390610618
184,2020-07-02,182.0,21.0,29147.0,2020,2,3,7,2387137.0,34788.0,240760.0,Italy,Europe,60461828.0,83.51,3.18,35220.084,3982.0165543125822
185,2020-07-03,201.0,30.0,25680.0,2020,3,4,7,2412817.0,34818.0,240961.0,Italy,Europe,60461828.0,83.51,3.18,35220.084,3985.3409658735427
186,2020-07-04,223.0,15.0,28946.0,2020,4,5,7,2441763.0,34833.0,241184.0,Italy,Europe,60461828.0,83.51,3.18,35220.084,3989.0292433764985
187,2020-07-05,235.0,21.0,21166.0,2020,5,6,7,2462929.0,34854.0,241419.0,Italy,Europe,60461828.0,83.51,3.18,35220.084,3992.915993211452
188,2020-07-06,192.0,7.0,13771.0,2020,6,0,7,2476700.0,34861.0,241611.0,Italy,Europe,60461828.0,83.51,3.18,35220.084,3996.0915505234148
189,2020-07-07,208.0,8.0,22490.0,2020,7,1,7,2499190.0,34869.0,241819.0,Italy,Europe,60461828.0,83.51,3.18,35220.084,3999.5317376113735
190,2020-07-08,137.0,30.0,28679.0,2020,8,2,7,2527869.0,34899.0,241956.0,Italy,Europe,60461828.0,83.51,3.18,35220.084,4001.7976300683467
191,2020-07-09,193.0,15.0,29947.0,2020,9,3,7,2557816.0,34914.0,242149.0,Italy,Europe,60461828.0,83.51,3.18,35220.084,4004.9897267413085
192,2020-07-10,214.0,12.0,27251.0,2020,10,4,7,2585067.0,34926.0,242363.0,Italy,Europe,60461828.0,83.51,3.18,35220.084,4008.5291499952664
193,2020-07-11,276.0,12.0,25449.0,2020,11,5,7,2610516.0,34938.0,242639.0,Italy,Europe,60461828.0,83.51,3.18,35220.084,4013.094013631212
194,2020-07-12,188.0,7.0,23061.0,2020,12,6,7,2633577.0,34945.0,242827.0,Italy,Europe,60461828.0,83.51,3.18,35220.084,4016.203413499175
195,2020-07-13,234.0,9.0,14006.0,2020,13,0,7,2647583.0,34954.0,243061.0,Italy,Europe,60461828.0,83.51,3.18,35220.084,4020.073623973129
196,2020-07-14,169.0,13.0,24222.0,2020,14,1,7,2671805.0,34967.0,243230.0,Italy,Europe,60461828.0,83.51,3.18,35220.084,4022.8687759820955
197,2020-07-15,114.0,17.0,28392.0,2020,15,2,7,2700197.0,34984.0,243344.0,Italy,Europe,60461828.0,83.51,3.18,35220.084,4024.7542631360734
198,2020-07-16,162.0,13.0,28089.0,2020,16,3,7,2728286.0,34997.0,243506.0,Italy,Europe,60461828.0,83.51,3.18,35220.084,4027.4336396180415
199,2020-07-17,230.0,20.0,28661.0,2020,17,4,7,2756947.0,35017.0,243736.0,Italy,Europe,60461828.0,83.51,3.18,35220.084,4031.237692647996
200,2020-07-18,231.0,11.0,27569.0,2020,18,5,7,2784516.0,35028.0,243967.0,Italy,Europe,60461828.0,83.51,3.18,35220.084,4035.0582850389505
201,2020-07-19,249.0,14.0,20621.0,2020,19,6,7,2805137.0,35042.0,244216.0,Italy,Europe,60461828.0,83.51,3.18,35220.084,4039.1765859279017
202,2020-07-20,218.0,3.0,14121.0,2020,20,0,7,2819258.0,35045.0,244434.0,Italy,Europe,60461828.0,83.51,3.18,35220.084,4042.7821666258587
203,2020-07-21,190.0,13.0,23915.0,2020,21,1,7,2843173.0,35058.0,244624.0,Italy,Europe,60461828.0,83.51,3.18,35220.084,4045.9246452158213
204,2020-07-22,128.0,15.0,29288.0,2020,22,2,7,2872461.0,35073.0,244752.0,Italy,Europe,60461828.0,83.51,3.18,35220.084,4048.041683423796
205,2020-07-23,280.0,9.0,33018.0,2020,23,3,7,2905479.0,35082.0,245032.0,Italy,Europe,60461828.0,83.51,3.18,35220.084,4052.672704503741
206,2020-07-24,306.0,10.0,28970.0,2020,24,4,7,2934449.0,35092.0,245338.0,Italy,Europe,60461828.0,83.51,3.18,35220.084,4057.7337489696806
207,2020-07-25,252.0,5.0,28059.0,2020,25,5,7,2962508.0,35097.0,245590.0,Italy,Europe,60461828.0,83.51,3.18,35220.084,4061.901667941631
208,2020-07-26,274.0,5.0,25177.0,2020,26,6,7,2987685.0,35102.0,245864.0,Italy,Europe,60461828.0,83.51,3.18,35220.084,4066.433452855577
209,2020-07-27,254.0,5.0,19374.0,2020,27,0,7,3007059.0,35107.0,246118.0,Italy,Europe,60461828.0,83.51,3.18,35220.084,4070.6344505495267
210,2020-07-28,168.0,5.0,25341.0,2020,28,1,7,3032400.0,35112.0,246286.0,Italy,Europe,60461828.0,83.51,3.18,35220.084,4073.413063197494
211,2020-07-29,202.0,11.0,30875.0,2020,29,2,7,3063275.0,35123.0,246488.0,Italy,Europe,60461828.0,83.51,3.18,35220.084,4076.754014119454
212,2020-07-30,288.0,6.0,33396.0,2020,30,3,7,3096671.0,35129.0,246776.0,Italy,Europe,60461828.0,83.51,3.18,35220.084,4081.5173500873975
213,2020-07-31,382.0,3.0,29686.0,2020,31,4,7,3126357.0,35132.0,247158.0,Italy,Europe,60461828.0,83.51,3.18,35220.084,4087.8353859893223
214,2020-08-01,379.0,9.0,31905.0,2020,1,5,8,3158262.0,35141.0,247537.0,Italy,Europe,60461828.0,83.51,3.18,35220.084,4094.1038038082474
215,2020-08-02,295.0,5.0,24496.0,2020,2,6,8,3182758.0,35146.0,247832.0,Italy,Europe,60461828.0,83.51,3.18,35220.084,4098.98291530319
216,2020-08-03,238.0,8.0,13467.0,2020,3,0,8,3196225.0,35154.0,248070.0,Italy,Europe,60461828.0,83.51,3.18,35220.084,4102.919283221142
217,2020-08-04,159.0,12.0,23491.0,2020,4,1,8,3219716.0,35166.0,248229.0,Italy,Europe,60461828.0,83.51,3.18,35220.084,4105.549041620111
218,2020-08-05,190.0,5.0,29739.0,2020,5,2,8,3249455.0,35171.0,248419.0,Italy,Europe,60461828.0,83.51,3.18,35220.084,4108.691520210074
219,2020-08-06,384.0,10.0,32169.0,2020,6,3,8,3281624.0,35181.0,248803.0,Italy,Europe,60461828.0,83.51,3.18,35220.084,4115.042634833998
220,2020-08-07,401.0,6.0,30392.0,2020,7,4,8,3312016.0,35187.0,249204.0,Italy,Europe,60461828.0,83.51,3.18,35220.084,4121.674918594919
221,2020-08-08,552.0,3.0,26631.0,2020,8,5,8,3338647.0,35190.0,249756.0,Italy,Europe,60461828.0,83.51,3.18,35220.084,4130.8046458668105
222,2020-08-09,347.0,13.0,22773.0,2020,9,6,8,3361420.0,35203.0,250103.0,Italy,Europe,60461828.0,83.51,3.18,35220.084,4136.543804133742
223,2020-08-10,463.0,2.0,10904.0,2020,10,0,8,3372324.0,35205.0,250566.0,Italy,Europe,60461828.0,83.51,3.18,35220.084,4144.201528276651
224,2020-08-11,259.0,4.0,22063.0,2020,11,1,8,3394387.0,35209.0,250825.0,Italy,Europe,60461828.0,83.51,3.18,35220.084,4148.4852227756
225,2020-08-12,412.0,6.0,27330.0,2020,12,2,8,3421717.0,35215.0,251237.0,Italy,Europe,60461828.0,83.51,3.18,35220.084,4155.299439507518
226,2020-08-13,476.0,10.0,25629.0,2020,13,3,8,3447346.0,35225.0,251713.0,Italy,Europe,60461828.0,83.51,3.18,35220.084,4163.172175343425
227,2020-08-14,522.0,6.0,24868.0,2020,14,4,8,3472214.0,35231.0,252235.0,Italy,Europe,60461828.0,83.51,3.18,35220.084,4171.805721785322
228,2020-08-15,574.0,3.0,25937.0,2020,15,5,8,3498151.0,35234.0,252809.0,Italy,Europe,60461828.0,83.51,3.18,35220.084,4181.299314999209
229,2020-08-16,629.0,158.0,22470.0,2020,16,6,8,3520621.0,35392.0,253438.0,Italy,Europe,60461828.0,83.51,3.18,35220.084,4191.702573068085
230,2020-08-17,477.0,4.0,21379.0,2020,17,0,8,3542000.0,35396.0,253915.0,Italy,Europe,60461828.0,83.51,3.18,35220.084,4199.591848264991
231,2020-08-18,320.0,4.0,32687.0,2020,18,1,8,3574687.0,35400.0,254235.0,Italy,Europe,60461828.0,83.51,3.18,35220.084,4204.884443784928
232,2020-08-19,401.0,5.0,41290.0,2020,19,2,8,3615977.0,35405.0,254636.0,Italy,Europe,60461828.0,83.51,3.18,35220.084,4211.516727545849
233,2020-08-20,642.0,7.0,49662.0,2020,20,3,8,3665639.0,35412.0,255278.0,Italy,Europe,60461828.0,83.51,3.18,35220.084,4222.134997307723
234,2020-08-21,840.0,6.0,44943.0,2020,21,4,8,3710582.0,35418.0,256118.0,Italy,Europe,60461828.0,83.51,3.18,35220.084,4236.028060547557
235,2020-08-22,947.0,9.0,46613.0,2020,22,5,8,3757195.0,35427.0,257065.0,Italy,Europe,60461828.0,83.51,3.18,35220.084,4251.690835414371
236,2020-08-23,1071.0,3.0,47463.0,2020,23,6,8,3804658.0,35430.0,258136.0,Italy,Europe,60461828.0,83.51,3.18,35220.084,4269.40449104516
237,2020-08-24,1209.0,7.0,33358.0,2020,24,0,8,3838016.0,35437.0,259345.0,Italy,Europe,60461828.0,83.51,3.18,35220.084,4289.400578493922
238,2020-08-25,953.0,4.0,45798.0,2020,25,1,8,3883814.0,35441.0,260298.0,Italy,Europe,60461828.0,83.51,3.18,35220.084,4305.162589526734
239,2020-08-26,876.0,4.0,58054.0,2020,26,2,8,3941868.0,35445.0,261174.0,Italy,Europe,60461828.0,83.51,3.18,35220.084,4319.651069762562
240,2020-08-27,1366.0,13.0,57640.0,2020,27,3,8,3999508.0,35458.0,262540.0,Italy,Europe,60461828.0,83.51,3.18,35220.084,4342.243836888292
241,2020-08-28,1409.0,5.0,65135.0,2020,28,4,8,4064643.0,35463.0,263949.0,Italy,Europe,60461828.0,83.51,3.18,35220.084,4365.547796537015
242,2020-08-29,1460.0,9.0,64294.0,2020,29,5,8,4128937.0,35472.0,265409.0,Italy,Europe,60461828.0,83.51,3.18,35220.084,4389.695263596727
243,2020-08-30,1444.0,1.0,53541.0,2020,30,6,8,4182478.0,35473.0,266853.0,Italy,Europe,60461828.0,83.51,3.18,35220.084,4413.578100880443
244,2020-08-31,1365.0,4.0,42583.0,2020,31,0,8,4225061.0,35477.0,268218.0,Italy,Europe,60461828.0,83.51,3.18,35220.084,4436.154328645174
245,2020-09-01,996.0,6.0,54395.0,2020,1,1,9,4279456.0,35483.0,269214.0,Italy,Europe,60461828.0,83.51,3.18,35220.084,4452.627532200978
246,2020-09-02,975.0,8.0,,2020,2,2,9,,35491.0,270189.0,Italy,Europe,60461828.0,83.51,3.18,35220.084,4468.753409175786
247,2020-09-03,1326.0,6.0,,2020,3,3,9,,35497.0,271515.0,Italy,Europe,60461828.0,83.51,3.18,35220.084,4490.684601861525
